insert into users (email, password, phone, created_at) 
insert into users (email, password, phone, created_at) 
insert into cities (name) values ('Dubai');
insert into cities (name) values ('Abu Dhabi');
insert into cities (name) values ('Sharjah');
insert into profiles(
insert into admins (username, email, password, last_active_date, created_at) values ('admin', 'admin@admin.com', '$2a$10$kSbU49.c9JX0wal1lTZhmunPVLLjPioqzLzZ3r5TS/YyJd89OtppS', now(), now()); --123456


insert into body_types (name, image) values ('Sedan','/images/body/sedan.png');
insert into body_types (name, image) values ('Hatchback', '/images/body/hatchback.png');
insert into body_types (name, image) values ('Liftback', '/images/body/liftback.png');
insert into body_types (name, image) values ('SUV', '/images/body/suv.png');
insert into body_types (name, image) values ('Crossover', '/images/body/crossover.png');
insert into body_types (name, image) values ('Coupe', '/images/body/coupe.png');
insert into body_types (name, image) values ('Convertible', '/images/body/convertible.png');
insert into body_types (name, image) values ('Wagon', '/images/body/wagon.png');
insert into body_types (name, image) values ('Pickup Truck', '/images/body/pickup.png');
insert into body_types (name, image) values ('Van', '/images/body/van.png');
insert into body_types (name, image) values ('Minivan', '/images/body/minivan.png');
insert into body_types (name, image) values ('Roadster', '/images/body/roadster.png');
insert into body_types (name, image) values ('Sports Car', '/images/body/sports_car.png');
insert into body_types (name, image) values ('Off-Road', '/images/body/off_road.png');
insert into body_types (name, image) values ('Limousine', '/images/body/limousine.png'); 
insert into body_types (name, image) values ('Utility', '/images/body/utility.png');
insert into body_types (name, image) values ('Universal', '/images/body/universal.png');
insert into body_types (name, image) values ('Cabriolet', '/images/body/cabri.webp');
insert into transmissions (name) values ('Automatic');
insert into transmissions (name) values ('Manual');
insert into transmissions (name) values ('Semi-Automatic');
insert into engines (value) values ('1.0L');
insert into engines (value) values ('1.5L');
insert into engines (value) values ('2.0L');
insert into engines (value) values ('2.5L');
insert into engines (value) values ('3.0L');
insert into engines (value) values ('4.0L');
insert into engines (value) values ('5.0L');
insert into engines (value) values ('6.0L');
insert into engines (value) values ('7.0L');
insert into drivetrains (name) values ('Front-Wheel Drive');
insert into drivetrains (name) values ('Rear-Wheel Drive');
insert into drivetrains (name) values ('All-Wheel Drive');
insert into fuel_types (name) values ('Gasoline');
insert into fuel_types (name) values ('Diesel');
insert into fuel_types (name) values ('Electric');
insert into fuel_types (name) values ('Hybrid');
insert into regions (name, city_id) values ('Dubai Marina', 1);
insert into regions (name, city_id) values ('Dubai Mall', 1);
insert into regions (name, city_id) values ('Dubai Creek', 1);
insert into regions (name, city_id) values ('Dubai Creek Harbour', 1);
insert into regions (name, city_id) values ('Dubai Creek Golf Club', 1);
insert into regions (name, city_id) values ('Abu Dhabi Marina', 2);
insert into regions (name, city_id) values ('Abu Dhabi Mall', 2);
insert into regions (name, city_id) values ('Abu Dhabi Creek', 2);
insert into regions (name, city_id) values ('Abu Dhabi Creek Harbour', 2);
insert into regions (name, city_id) values ('Abu Dhabi Creek Golf Club', 2);
insert into regions (name, city_id) values ('Sharjah Marina', 3);
insert into regions (name, city_id) values ('Sharjah Mall', 3);
insert into regions (name, city_id) values ('Sharjah Creek', 3);
insert into service_types (name) values ('Car Wash');
insert into service_types (name) values ('Car Detailing');
insert into service_types (name) values ('Car Repair');
insert into services (name, service_type_id) values ('Rocket Wash', 1);
insert into services (name, service_type_id) values ('Premium Wash', 1);
insert into services (name, service_type_id) values ('Express Wash', 1);
insert into services (name, service_type_id) values ('Self-Service Wash', 1);
insert into services (name, service_type_id) values ('Full Detail', 2);
insert into services (name, service_type_id) values ('Basic Detail', 2);
insert into services (name, service_type_id) values ('Premium Detail', 2);
insert into services (name, service_type_id) values ('Express Detail', 2);
insert into services (name, service_type_id) values ('Self-Service Detail', 2);
insert into services (name, service_type_id) values ('Oil Change', 3);
insert into services (name, service_type_id) values ('Brake Repair', 3);
insert into services (name, service_type_id) values ('Tire Repair', 3);
insert into services (name, service_type_id) values ('Engine Repair', 3);
insert into services (name, service_type_id) values ('Transmission Repair', 3);
insert into services (name, service_type_id) values ('Suspension Repair', 3);
insert into services (name, service_type_id) values ('Electrical Repair', 3);
insert into ownership_types (name) values ('Dealership');
insert into ownership_types (name) values ('Private Owner');
insert into colors (name, image) values ('White', '/images/colors/white.jpg');
insert into colors (name, image) values ('Red', '/images/colors/red.jpg');
insert into colors (name, image) values ('Blue', '/images/colors/blue.jpg');
insert into colors (name, image) values ('Green', '/images/colors/green.jpg');
insert into colors (name, image) values ('Yellow', '/images/colors/yellow.jpg');
insert into colors (name, image) values ('Orange', '/images/colors/orange.jpg');
insert into colors (name, image) values ('Purple', '/images/colors/purple.jpg');
insert into vehicles (user_id, brand_id, model_id, modification_id, region_id, city_id, ownership_type_id, year, odometer, vin_code, crash, owners, credit, phone_numbers, price, new, color_id, trade_in, status) values 
insert into moto_categories (name) values ('Moto');
insert into moto_categories (name) values ('Skuter');
insert into moto_categories (name) values ('Motovezdehody');
insert into moto_categories (name) values ('Snegohody');
insert into moto_brands (name, moto_category_id, image) values ('Honda', 1, '/images/logo/honda.png');
insert into moto_brands (name, moto_category_id, image) values ('Yamaha', 1, '/images/logo/yamaha.png');
insert into moto_brands (name, moto_category_id, image) values ('Suzuki', 2, '/images/logo/suzuki.png');
insert into moto_brands (name, moto_category_id, image) values ('Kawasaki', 2, '/images/logo/kawasaki.png');
insert into moto_brands (name, moto_category_id, image) values ('BMW', 3, '/images/logo/bmw.png');
insert into moto_brands (name, moto_category_id, image) values ('Ducati', 3, '/images/logo/ducati.png');
insert into moto_brands (name, moto_category_id, image) values ('BMW', 4, '/images/logo/bmw.png');
insert into moto_brands (name, moto_category_id, image) values ('Ducati', 4, '/images/logo/ducati.png');
insert into moto_models (name, moto_brand_id) values ('CBR1000RR', 1);
insert into moto_models (name, moto_brand_id) values ('CBR650R', 1);
insert into moto_models (name, moto_brand_id) values ('CBR1000RR', 2);
insert into moto_models (name, moto_brand_id) values ('CBR650R', 2);
insert into moto_models (name, moto_brand_id) values ('CBR1000RR', 3);
insert into moto_models (name, moto_brand_id) values ('CBR650R', 3);
insert into moto_models (name, moto_brand_id) values ('CBR1000RR', 4);
insert into moto_models (name, moto_brand_id) values ('CBR650R', 4);
insert into moto_models (name, moto_brand_id) values ('CBR1000RR', 5);
insert into moto_models (name, moto_brand_id) values ('CBR650R', 5);
insert into moto_models (name, moto_brand_id) values ('CBR1000RR', 6);
insert into moto_models (name, moto_brand_id) values ('CBR650R', 6);
insert into moto_models (name, moto_brand_id) values ('CBR1000RR', 7);
insert into moto_models (name, moto_brand_id) values ('CBR650R', 7);
insert into moto_models (name, moto_brand_id) values ('CBR1000RR', 8);
insert into moto_models (name, moto_brand_id) values ('CBR650R', 8);
insert into moto_parameters (name, moto_category_id) values ('Type', 1);
insert into moto_parameters (name, moto_category_id) values ('Drivetrain', 1);
insert into moto_parameters (name, moto_category_id) values ('Transmission', 1);
insert into moto_parameters (name, moto_category_id) values ('Cylinder Count', 1);
insert into moto_parameters (name, moto_category_id) values ('Cylinder Arrangement', 1);
insert into moto_parameters (name, moto_category_id) values ('Equipment', 1);
insert into moto_parameters (name, moto_category_id) values ('Type', 2);
insert into moto_parameters (name, moto_category_id) values ('Drivetrain', 2);
insert into moto_parameters (name, moto_category_id) values ('Transmission', 2);
insert into moto_parameters (name, moto_category_id) values ('Cylinder Count', 2);
insert into moto_parameters (name, moto_category_id) values ('Cylinder Arrangement', 2);
insert into moto_parameters (name, moto_category_id) values ('Equipment', 2);
insert into moto_parameters (name, moto_category_id) values ('Type', 3);
insert into moto_parameters (name, moto_category_id) values ('Drivetrain', 3);
insert into moto_parameters (name, moto_category_id) values ('Transmission', 3);
insert into moto_parameters (name, moto_category_id) values ('Cylinder Count', 3);
insert into moto_parameters (name, moto_category_id) values ('Cylinder Arrangement', 3);
insert into moto_parameters (name, moto_category_id) values ('Equipment', 3);
insert into moto_parameters (name, moto_category_id) values ('Type', 4);
insert into moto_parameters (name, moto_category_id) values ('Drivetrain', 4);
insert into moto_parameters (name, moto_category_id) values ('Transmission', 4);
insert into moto_parameters (name, moto_category_id) values ('Cylinder Count', 4);
insert into moto_parameters (name, moto_category_id) values ('Cylinder Arrangement', 4);
insert into moto_parameters (name, moto_category_id) values ('Equipment', 4);
insert into moto_parameter_values (moto_parameter_id, name) values (1, 'Sport');
insert into moto_parameter_values (moto_parameter_id, name) values (1, 'Touring');
insert into moto_parameter_values (moto_parameter_id, name) values (1, 'Cruiser');
insert into moto_parameter_values (moto_parameter_id, name) values (1, 'Sport Touring');
insert into moto_parameter_values (moto_parameter_id, name) values (1, 'Sport Tourer');
insert into moto_parameter_values (moto_parameter_id, name) values (2, 'Front');
insert into moto_parameter_values (moto_parameter_id, name) values (2, 'Rear');
insert into moto_parameter_values (moto_parameter_id, name) values (2, 'All');
insert into moto_parameter_values (moto_parameter_id, name) values (3, 'Automatic');
insert into moto_parameter_values (moto_parameter_id, name) values (3, 'Manual');
insert into moto_parameter_values (moto_parameter_id, name) values (3, 'Semi-Automatic');
insert into moto_parameter_values (moto_parameter_id, name) values (4, '4');
insert into moto_parameter_values (moto_parameter_id, name) values (4, '6');
insert into moto_parameter_values (moto_parameter_id, name) values (4, '8');
insert into moto_parameter_values (moto_parameter_id, name) values (5, 'V-Twin');
insert into moto_parameter_values (moto_parameter_id, name) values (5, 'In-Twin');
insert into moto_parameter_values (moto_parameter_id, name) values (6, 'Single');
insert into moto_parameter_values (moto_parameter_id, name) values (6, 'Twin');
insert into moto_parameter_values (moto_parameter_id, name) values (6, 'Twin-Cooled');
insert into moto_parameter_values (moto_parameter_id, name) values (7, 'Sport');
insert into moto_parameter_values (moto_parameter_id, name) values (7, 'Touring');
insert into moto_parameter_values (moto_parameter_id, name) values (7, 'Enduro');
insert into moto_parameter_values (moto_parameter_id, name) values (7, 'Cross');
insert into moto_parameter_values (moto_parameter_id, name) values (7, 'Enduro Cross');
insert into moto_parameter_values (moto_parameter_id, name) values (8, 'Sport');
insert into moto_parameter_values (moto_parameter_id, name) values (8, 'Touring');
insert into moto_parameter_values (moto_parameter_id, name) values (8, 'Enduro');
insert into moto_parameter_values (moto_parameter_id, name) values (8, 'Cross');
insert into moto_parameter_values (moto_parameter_id, name) values (8, 'Enduro Cross');
insert into moto_parameter_values (moto_parameter_id, name) values (9, 'Sport');
insert into moto_parameter_values (moto_parameter_id, name) values (9, 'Touring');
insert into moto_parameter_values (moto_parameter_id, name) values (9, 'Enduro');
insert into moto_parameter_values (moto_parameter_id, name) values (9, 'Cross');
insert into moto_parameter_values (moto_parameter_id, name) values (9, 'Enduro Cross');
insert into moto_category_parameters (moto_category_id, moto_parameter_id) values (1, 1);
insert into moto_category_parameters (moto_category_id, moto_parameter_id) values (1, 2);
insert into moto_category_parameters (moto_category_id, moto_parameter_id) values (1, 3);
insert into moto_category_parameters (moto_category_id, moto_parameter_id) values (1, 5);
insert into moto_category_parameters (moto_category_id, moto_parameter_id) values (2, 3);
insert into moto_category_parameters (moto_category_id, moto_parameter_id) values (2, 4);
insert into moto_category_parameters (moto_category_id, moto_parameter_id) values (2, 5);
insert into moto_category_parameters (moto_category_id, moto_parameter_id) values (2, 6);
insert into moto_category_parameters (moto_category_id, moto_parameter_id) values (3, 1);
insert into moto_category_parameters (moto_category_id, moto_parameter_id) values (3, 6);
insert into moto_category_parameters (moto_category_id, moto_parameter_id) values (4, 1);
insert into moto_category_parameters (moto_category_id, moto_parameter_id) values (4, 4);
insert into moto_category_parameters (moto_category_id, moto_parameter_id) values (4, 5);
insert into motorcycles (
insert into motorcycles (
insert into motorcycles (
insert into motorcycle_parameters (motorcycle_id, moto_parameter_id, moto_parameter_value_id) values (1, 1, 1);
insert into motorcycle_parameters (motorcycle_id, moto_parameter_id, moto_parameter_value_id) values (1, 2, 1);
insert into motorcycle_parameters (motorcycle_id, moto_parameter_id, moto_parameter_value_id) values (1, 3, 1);
insert into motorcycle_parameters (motorcycle_id, moto_parameter_id, moto_parameter_value_id) values (1, 4, 1);
insert into motorcycle_parameters (motorcycle_id, moto_parameter_id, moto_parameter_value_id) values (1, 5, 1);
insert into motorcycle_parameters (motorcycle_id, moto_parameter_id, moto_parameter_value_id) values (2, 1, 1);
insert into motorcycle_parameters (motorcycle_id, moto_parameter_id, moto_parameter_value_id) values (2, 2, 1);
insert into motorcycle_parameters (motorcycle_id, moto_parameter_id, moto_parameter_value_id) values (2, 3, 1);
insert into motorcycle_parameters (motorcycle_id, moto_parameter_id, moto_parameter_value_id) values (2, 4, 1);
insert into motorcycle_parameters (motorcycle_id, moto_parameter_id, moto_parameter_value_id) values (2, 5, 1);
insert into motorcycle_parameters (motorcycle_id, moto_parameter_id, moto_parameter_value_id) values (3, 1, 1);
insert into motorcycle_parameters (motorcycle_id, moto_parameter_id, moto_parameter_value_id) values (3, 2, 1);
insert into motorcycle_parameters (motorcycle_id, moto_parameter_id, moto_parameter_value_id) values (3, 3, 1);
insert into motorcycle_parameters (motorcycle_id, moto_parameter_id, moto_parameter_value_id) values (3, 4, 1);
insert into motorcycle_parameters (motorcycle_id, moto_parameter_id, moto_parameter_value_id) values (3, 5, 1);
insert into moto_images (moto_id, image) values (1, 'https://via.placeholder.com/150');
insert into moto_images (moto_id, image) values (1, 'https://via.placeholder.com/150');
insert into moto_images (moto_id, image) values (1, 'https://via.placeholder.com/150');
insert into moto_images (moto_id, image) values (1, 'https://via.placeholder.com/150');
insert into moto_images (moto_id, image) values (2, 'https://via.placeholder.com/150');
insert into moto_images (moto_id, image) values (2, 'https://via.placeholder.com/150');
insert into moto_images (moto_id, image) values (3, 'https://via.placeholder.com/150');
insert into moto_images (moto_id, image) values (3, 'https://via.placeholder.com/150');
insert into moto_videos (moto_id, video) values (1, 'https://www.youtube.com/watch?v=dQw4w9WgXcQ');
insert into moto_videos (moto_id, video) values (1, 'https://www.youtube.com/watch?v=dQw4w9WgXcQ');
insert into moto_videos (moto_id, video) values (2, 'https://www.youtube.com/watch?v=dQw4w9WgXcQ');
insert into moto_videos (moto_id, video) values (2, 'https://www.youtube.com/watch?v=dQw4w9WgXcQ');
insert into moto_videos (moto_id, video) values (3, 'https://www.youtube.com/watch?v=dQw4w9WgXcQ');
insert into moto_videos (moto_id, video) values (3, 'https://www.youtube.com/watch?v=dQw4w9WgXcQ');
insert into com_categories (name) values ('Truck');
insert into com_categories (name) values ('Bus');
insert into com_categories (name) values ('Trailer');
insert into com_categories (name) values ('Other');
insert into com_brands (name, image, comtran_category_id) values ('Volvo', 'https://via.placeholder.com/150', 1);
insert into com_brands (name, image, comtran_category_id) values ('Mercedes-Benz', 'https://via.placeholder.com/150', 1);
insert into com_brands (name, image, comtran_category_id) values ('MAN', 'https://via.placeholder.com/150', 1);
insert into com_brands (name, image, comtran_category_id) values ('Scania', 'https://via.placeholder.com/150', 1);
insert into com_brands (name, image, comtran_category_id) values ('Iveco', 'https://via.placeholder.com/150', 1);
insert into com_brands (name, image, comtran_category_id) values ('Volvo', 'https://via.placeholder.com/150', 2);
insert into com_brands (name, image, comtran_category_id) values ('Mercedes-Benz', 'https://via.placeholder.com/150', 2);
insert into com_brands (name, image, comtran_category_id) values ('MAN', 'https://via.placeholder.com/150', 2);
insert into com_brands (name, image, comtran_category_id) values ('Scania', 'https://via.placeholder.com/150', 2);
insert into com_brands (name, image, comtran_category_id) values ('Iveco', 'https://via.placeholder.com/150', 2);
insert into com_brands (name, image, comtran_category_id) values ('Volvo', 'https://via.placeholder.com/150', 3);
insert into com_brands (name, image, comtran_category_id) values ('Mercedes-Benz', 'https://via.placeholder.com/150', 3);
insert into com_brands (name, image, comtran_category_id) values ('MAN', 'https://via.placeholder.com/150', 3);
insert into com_brands (name, image, comtran_category_id) values ('Scania', 'https://via.placeholder.com/150', 3);
insert into com_brands (name, image, comtran_category_id) values ('Iveco', 'https://via.placeholder.com/150', 3);
insert into com_brands (name, image, comtran_category_id) values ('Volvo', 'https://via.placeholder.com/150', 4);
insert into com_brands (name, image, comtran_category_id) values ('Mercedes-Benz', 'https://via.placeholder.com/150', 4);
insert into com_brands (name, image, comtran_category_id) values ('MAN', 'https://via.placeholder.com/150', 4);
insert into com_brands (name, image, comtran_category_id) values ('Scania', 'https://via.placeholder.com/150', 4);
insert into com_brands (name, image, comtran_category_id) values ('Iveco', 'https://via.placeholder.com/150', 4);
insert into com_models (name, comtran_brand_id) values ('FH', 1);
insert into com_models (name, comtran_brand_id) values ('FM', 1);
insert into com_models (name, comtran_brand_id) values ('FH', 2);
insert into com_models (name, comtran_brand_id) values ('FM', 2);
insert into com_models (name, comtran_brand_id) values ('FH', 3);
insert into com_models (name, comtran_brand_id) values ('FM', 3);
insert into com_models (name, comtran_brand_id) values ('FH', 4);
insert into com_models (name, comtran_brand_id) values ('FM', 4);
insert into com_models (name, comtran_brand_id) values ('FH', 5);
insert into com_models (name, comtran_brand_id) values ('FM', 5);
insert into com_models (name, comtran_brand_id) values ('FH', 6);
insert into com_models (name, comtran_brand_id) values ('FM', 6);
insert into com_models (name, comtran_brand_id) values ('FH', 7);
insert into com_models (name, comtran_brand_id) values ('FM', 7);
insert into com_models (name, comtran_brand_id) values ('FH', 8);
insert into com_models (name, comtran_brand_id) values ('FM', 8);
insert into com_models (name, comtran_brand_id) values ('FH', 9);
insert into com_models (name, comtran_brand_id) values ('FM', 9);
insert into com_models (name, comtran_brand_id) values ('FH', 10);
insert into com_models (name, comtran_brand_id) values ('FM', 10);
insert into com_models (name, comtran_brand_id) values ('FH', 11);
insert into com_models (name, comtran_brand_id) values ('FM', 11);
insert into com_models (name, comtran_brand_id) values ('FH', 12);
insert into com_models (name, comtran_brand_id) values ('FM', 12);
insert into com_models (name, comtran_brand_id) values ('FH', 13);
insert into com_models (name, comtran_brand_id) values ('FM', 13);
insert into com_models (name, comtran_brand_id) values ('FH', 14);
insert into com_models (name, comtran_brand_id) values ('FM', 14);
insert into com_models (name, comtran_brand_id) values ('FH', 15);
insert into com_models (name, comtran_brand_id) values ('FM', 15);
insert into com_models (name, comtran_brand_id) values ('FH', 16);
insert into com_models (name, comtran_brand_id) values ('FM', 16);
insert into com_models (name, comtran_brand_id) values ('FH', 17);
insert into com_models (name, comtran_brand_id) values ('FM', 17);
insert into com_models (name, comtran_brand_id) values ('FH', 18);
insert into com_models (name, comtran_brand_id) values ('FM', 18);
insert into com_models (name, comtran_brand_id) values ('FH', 19);
insert into com_models (name, comtran_brand_id) values ('FM', 19);
insert into com_models (name, comtran_brand_id) values ('FH', 20);
insert into com_models (name, comtran_brand_id) values ('FM', 20);
insert into com_parameters (name, comtran_category_id) values ('Engine', 1);
insert into com_parameters (name, comtran_category_id) values ('Engine', 2);
insert into com_parameters (name, comtran_category_id) values ('Power', 2);
insert into com_parameters (name, comtran_category_id) values ('Number of Cycles', 2);
insert into com_parameters (name, comtran_category_id) values ('Odometer', 2);
insert into com_parameters (name, comtran_category_id) values ('Engine', 3);
insert into com_parameters (name, comtran_category_id) values ('Crash', 3);
insert into com_parameters (name, comtran_category_id) values ('Engine', 4);
insert into com_parameters (name, comtran_category_id) values ('Number of Cycles', 4);
insert into com_parameters (name, comtran_category_id) values ('Crash', 4);
insert into com_parameter_values (comtran_parameter_id, name) values (1, '1000');
insert into com_parameter_values (comtran_parameter_id, name) values (2, '1000');
insert into com_parameter_values (comtran_parameter_id, name) values (3, '1000');
insert into com_parameter_values (comtran_parameter_id, name) values (3, '800');
insert into com_parameter_values (comtran_parameter_id, name) values (4, '1000');
insert into com_parameter_values (comtran_parameter_id, name) values (5, '1000');
insert into com_parameter_values (comtran_parameter_id, name) values (6, '1000');
insert into com_parameter_values (comtran_parameter_id, name) values (7, '1000');
insert into com_parameter_values (comtran_parameter_id, name) values (7, '800');
insert into com_parameter_values (comtran_parameter_id, name) values (8, '1000');
insert into com_parameter_values (comtran_parameter_id, name) values (8, '200');
insert into com_parameter_values (comtran_parameter_id, name) values (9, '1000');
insert into com_parameter_values (comtran_parameter_id, name) values (9, '800');
insert into com_parameter_values (comtran_parameter_id, name) values (10, '1000');
insert into com_parameter_values (comtran_parameter_id, name) values (10, '800');
insert into com_category_parameters (comtran_category_id, comtran_parameter_id) values (1, 1);
insert into com_category_parameters (comtran_category_id, comtran_parameter_id) values (1, 2);
insert into com_category_parameters (comtran_category_id, comtran_parameter_id) values (1, 3);
insert into com_category_parameters (comtran_category_id, comtran_parameter_id) values (1, 4);
insert into com_category_parameters (comtran_category_id, comtran_parameter_id) values (1, 5);
insert into com_category_parameters (comtran_category_id, comtran_parameter_id) values (1, 6);
insert into com_category_parameters (comtran_category_id, comtran_parameter_id) values (1, 7);
insert into com_category_parameters (comtran_category_id, comtran_parameter_id) values (1, 8);
insert into com_category_parameters (comtran_category_id, comtran_parameter_id) values (2, 1);
insert into com_category_parameters (comtran_category_id, comtran_parameter_id) values (2, 2);
insert into com_category_parameters (comtran_category_id, comtran_parameter_id) values (2, 3);
insert into com_category_parameters (comtran_category_id, comtran_parameter_id) values (2, 4);
insert into com_category_parameters (comtran_category_id, comtran_parameter_id) values (2, 5);
insert into com_category_parameters (comtran_category_id, comtran_parameter_id) values (2, 6);
insert into com_category_parameters (comtran_category_id, comtran_parameter_id) values (2, 7);
insert into com_category_parameters (comtran_category_id, comtran_parameter_id) values (2, 8);
insert into com_category_parameters (comtran_category_id, comtran_parameter_id) values (2, 9);
insert into com_category_parameters (comtran_category_id, comtran_parameter_id) values (2, 10);
insert into com_category_parameters (comtran_category_id, comtran_parameter_id) values (3, 1);
insert into com_category_parameters (comtran_category_id, comtran_parameter_id) values (3, 2);
insert into com_category_parameters (comtran_category_id, comtran_parameter_id) values (3, 3);
insert into com_category_parameters (comtran_category_id, comtran_parameter_id) values (3, 4);
insert into com_category_parameters (comtran_category_id, comtran_parameter_id) values (3, 5);
insert into com_category_parameters (comtran_category_id, comtran_parameter_id) values (3, 6);
insert into com_category_parameters (comtran_category_id, comtran_parameter_id) values (3, 7);
insert into com_category_parameters (comtran_category_id, comtran_parameter_id) values (3, 8);
insert into com_category_parameters (comtran_category_id, comtran_parameter_id) values (3, 9);
insert into com_category_parameters (comtran_category_id, comtran_parameter_id) values (3, 10);
insert into com_category_parameters (comtran_category_id, comtran_parameter_id) values (4, 1);
insert into com_category_parameters (comtran_category_id, comtran_parameter_id) values (4, 2);
insert into com_category_parameters (comtran_category_id, comtran_parameter_id) values (4, 3);
insert into com_category_parameters (comtran_category_id, comtran_parameter_id) values (4, 4);
insert into com_category_parameters (comtran_category_id, comtran_parameter_id) values (4, 5);
insert into com_category_parameters (comtran_category_id, comtran_parameter_id) values (4, 6);
insert into com_category_parameters (comtran_category_id, comtran_parameter_id) values (4, 7);
insert into com_category_parameters (comtran_category_id, comtran_parameter_id) values (4, 8);
insert into com_category_parameters (comtran_category_id, comtran_parameter_id) values (4, 9);
insert into com_category_parameters (comtran_category_id, comtran_parameter_id) values (4, 10);
insert into comtrans (user_id, comtran_category_id, comtran_brand_id, comtran_model_id, fuel_type_id, city_id, color_id, engine, power, year, number_of_cycles, odometer, crash, not_cleared, owners, date_of_purchase, warranty_date, ptc, vin_code, certificate, description, can_look_coordinate, phone_number, refuse_dealers_calls, only_chat, protect_spam, verified_buyers, contact_person, email, price, price_type, status) values (1, 1, 1, 1, 1, 1, 1, 1000, 1000, 2020, 100000, 0, false, false, 1, '2020-01-01', '2020-01-01', true, '1234567890', '1234567890', 'description', '1234567890', '1234567890', true, true, true, true, 'contact_person', 'email', 10000, 'USD', 1);
insert into comtrans (user_id, comtran_category_id, comtran_brand_id, comtran_model_id, fuel_type_id, city_id, color_id, engine, power, year, number_of_cycles, odometer, crash, not_cleared, owners, date_of_purchase, warranty_date, ptc, vin_code, certificate, description, can_look_coordinate, phone_number, refuse_dealers_calls, only_chat, protect_spam, verified_buyers, contact_person, email, price, price_type, status) values (1, 2, 1, 1, 1, 1, 1, 1000, 1000, 2020, 100000, 0, false, false, 1, '2020-01-01', '2020-01-01', true, '1234567890', '1234567890', 'description', '1234567890', '1234567890', true, true, true, true, 'contact_person', 'email', 10000, 'USD', 1);
insert into comtrans (user_id, comtran_category_id, comtran_brand_id, comtran_model_id, fuel_type_id, city_id, color_id, engine, power, year, number_of_cycles, odometer, crash, not_cleared, owners, date_of_purchase, warranty_date, ptc, vin_code, certificate, description, can_look_coordinate, phone_number, refuse_dealers_calls, only_chat, protect_spam, verified_buyers, contact_person, email, price, price_type, status) values (1, 3, 1, 1, 1, 1, 1, 1000, 1000, 2020, 100000, 0, false, false, 1, '2020-01-01', '2020-01-01', true, '1234567890', '1234567890', 'description', '1234567890', '1234567890', true, true, true, true, 'contact_person', 'email', 10000, 'USD', 1);
insert into comtrans (user_id, comtran_category_id, comtran_brand_id, comtran_model_id, fuel_type_id, city_id, color_id, engine, power, year, number_of_cycles, odometer, crash, not_cleared, owners, date_of_purchase, warranty_date, ptc, vin_code, certificate, description, can_look_coordinate, phone_number, refuse_dealers_calls, only_chat, protect_spam, verified_buyers, contact_person, email, price, price_type, status) values (1, 4, 1, 1, 1, 1, 1, 1000, 1000, 2020, 100000, 0, false, false, 1, '2020-01-01', '2020-01-01', true, '1234567890', '1234567890', 'description', '1234567890', '1234567890', true, true, true, true, 'contact_person', 'email', 10000, 'USD', 1);
insert into comtran_parameters (comtran_id, comtran_parameter_id, comtran_parameter_value_id) values (1, 1, 1);
insert into comtran_parameters (comtran_id, comtran_parameter_id, comtran_parameter_value_id) values (1, 2, 2);
insert into comtran_parameters (comtran_id, comtran_parameter_id, comtran_parameter_value_id) values (1, 3, 3);
insert into comtran_parameters (comtran_id, comtran_parameter_id, comtran_parameter_value_id) values (1, 4, 4);
insert into comtran_parameters (comtran_id, comtran_parameter_id, comtran_parameter_value_id) values (1, 5, 5);
insert into comtran_parameters (comtran_id, comtran_parameter_id, comtran_parameter_value_id) values (1, 6, 6);
insert into comtran_parameters (comtran_id, comtran_parameter_id, comtran_parameter_value_id) values (1, 7, 7);
insert into comtran_parameters (comtran_id, comtran_parameter_id, comtran_parameter_value_id) values (1, 8, 8);
insert into comtran_parameters (comtran_id, comtran_parameter_id, comtran_parameter_value_id) values (2, 1, 1);
insert into comtran_parameters (comtran_id, comtran_parameter_id, comtran_parameter_value_id) values (2, 2, 2);
insert into comtran_parameters (comtran_id, comtran_parameter_id, comtran_parameter_value_id) values (2, 3, 3);
insert into comtran_parameters (comtran_id, comtran_parameter_id, comtran_parameter_value_id) values (2, 4, 4);
insert into comtran_parameters (comtran_id, comtran_parameter_id, comtran_parameter_value_id) values (2, 5, 5);
insert into comtran_parameters (comtran_id, comtran_parameter_id, comtran_parameter_value_id) values (2, 6, 6);
insert into comtran_parameters (comtran_id, comtran_parameter_id, comtran_parameter_value_id) values (3, 1, 1);
insert into comtran_parameters (comtran_id, comtran_parameter_id, comtran_parameter_value_id) values (3, 2, 2);
insert into comtran_parameters (comtran_id, comtran_parameter_id, comtran_parameter_value_id) values (3, 3, 3);
insert into comtran_parameters (comtran_id, comtran_parameter_id, comtran_parameter_value_id) values (3, 4, 4);
insert into comtran_parameters (comtran_id, comtran_parameter_id, comtran_parameter_value_id) values (3, 5, 5);
insert into comtran_parameters (comtran_id, comtran_parameter_id, comtran_parameter_value_id) values (3, 6, 6);
insert into comtran_parameters (comtran_id, comtran_parameter_id, comtran_parameter_value_id) values (4, 1, 1);
insert into comtran_parameters (comtran_id, comtran_parameter_id, comtran_parameter_value_id) values (4, 2, 2);
insert into comtran_parameters (comtran_id, comtran_parameter_id, comtran_parameter_value_id) values (4, 3, 3);
insert into comtran_parameters (comtran_id, comtran_parameter_id, comtran_parameter_value_id) values (4, 4, 4);
insert into comtran_parameters (comtran_id, comtran_parameter_id, comtran_parameter_value_id) values (4, 5, 5);
insert into comtran_images (comtran_id, image) values (1, 'https://via.placeholder.com/150');
insert into comtran_images (comtran_id, image) values (2, 'https://via.placeholder.com/150');
insert into comtran_images (comtran_id, image) values (3, 'https://via.placeholder.com/150');
insert into comtran_images (comtran_id, image) values (4, 'https://via.placeholder.com/150');
insert into comtran_videos (comtran_id, video) values (1, 'https://via.placeholder.com/150');
insert into comtran_videos (comtran_id, video) values (2, 'https://via.placeholder.com/150');
insert into comtran_videos (comtran_id, video) values (3, 'https://via.placeholder.com/150');
insert into comtran_videos (comtran_id, video) values (4, 'https://via.placeholder.com/150');
insert into comtran_videos (comtran_id, video) values (1, 'https://via.placeholder.com/150');
insert into comtran_videos (comtran_id, video) values (2, 'https://via.placeholder.com/150');
insert into comtran_videos (comtran_id, video) values (3, 'https://via.placeholder.com/150');
insert into comtran_videos (comtran_id, video) values (4, 'https://via.placeholder.com/150');



insert into user_parameters (name, type)
    values 
        ('Company name', 'text'),
        ('Company type', 'select'),
        ('Field of activity', 'select'),
        ('License issue date', 'date'),
        ('License expiry date', 'date'),
        ('VAT number (value added tax)', 'text'),



insert into activity_fields (name) values ('Transport');
insert into activity_fields (name) values ('Trade');
insert into activity_fields (name) values ('Services');
insert into activity_fields (name) values ('Industry');
insert into activity_fields (name) values ('Other');



insert into company_types (name) values ('Private Company');
insert into company_types (name) values ('Public Company');
insert into company_types (name) values ('Limited Liability Company');
